000945,Ксения,Викторовна,Базулова,+7 (486) 572-60-60,23.08.1968,Декан,"п. Алапаевск, бул. Строителей, д. 1/2 стр. 1/5, 231756"
003109,Павел,Игоревич,Сатников,+7 (580) 325-15-15,12.02.1969,Библиотековед,"п. Хасавюрт, наб. Мирная, д. 2, 673361"
004599,Марина,Ивановна,Павалоцкая,+7 (369) 730-02-02,13.12.1959,Философ,"с. Мезень, ул. Заливная, д. 2 стр. 22, 956132"
006346,Федор,Михаилович,Боримский,+7 (941) 740-80-80,25.04.1963,Связист,"клх Можга, бул. Карьерный, д. 6, 822449"
007117,Артур,Виталиевич,Каперусов,+7 (583) 197-36-36,15.02.1997,Кодер,"клх Шамары, пер. Профсоюзный, д. 1/9 к. 220, 364115"
002900,Софья,Яковлевна,Мурашина,+7 (274) 233-73-73,02.05.1975,Визажист,"клх Пушкин, алл. Энтузиастов, д. 492, 808412"
006603,Галина,Сергеевна,Язанчева,+7 (599) 488-94-94,07.08.1966,Палеонтолог,"клх Хабаровск, ш. М.Горького, д. 6 к. 350, 020514"
000517,Иван,Иванович,Щилаев,+7 (772) 956-86-86,05.04.1966,Химик-технолог,"ст. Бузулук, пер. Аэродромный, д. 823, 992226"
006968,Раиса,Валерьевна,Серяева,+7 (975) 528-01-01,17.04.1953,Мастер маникюра,"д. Шумиха, пер. Тукая, д. 803 стр. 5/3, 613264"
002754,Борис,Алексиевич,Савычев,+7 (180) 897-12-12,13.05.1986,Сыровар,"с. Октябрьское (Челяб.), алл. Флотская, д. 92 к. 7/6, 994677"
008929,Антон,Антонович,Девятаев,+7 (162) 383-38-38,22.02.1988,Логопед,"п. Ивдель, наб. Достоевского, д. 247, 041377"
006044,Олег,Михаилович,Ханфиев,+7 (121) 986-49-49,19.06.1990,Орнитолог,"с. Игнашино, пер. Фадеева, д. 629, 013007"
006800,Клара,Романовна,Хранина,+7 (205) 768-34-34,22.01.1962,Менеджер,"г. Фатеж, пр. 70 лет Октября, д. 3/4, 538432"
007852,Елена,Леонидовна,Дзивина,+7 (629) 048-77-77,23.07.1950,Модельер,"г. Саранск, пр. Пожарского, д. 956 к. 698, 914303"
002483,Ярослав,Тимофеевич,Сайдашев,+7 (847) 837-15-15,17.05.1967,Переводчик,"г. Бронницы, ул. Приозерная, д. 8/2 стр. 3, 726291"
006252,Любовь,Андреевна,Омутова,+7 (841) 953-01-01,01.01.1964,Кондуктор,"клх Беломорск, ш. Восьмого Марта, д. 9 стр. 69, 286675"
004933,Константин,Валериевич,Сымов,+7 (389) 345-09-09,11.02.1954,Диетолог,"с. Троицк (Челяб.), ул. Новоселов, д. 8/1 к. 3/8, 058356"
008595,Клара,Петровна,Папоина,+7 (521) 627-64-64,02.06.1964,Детектив,"с. Ставрополь, ш. Пожарского, д. 9/3 стр. 93, 102478"
000004,Юрий,Михаилович,Андрюшков,+7 (183) 808-16-16,18.10.1978,Столяр-краснодеревщик,"п. Казань, пер. Брянский, д. 1, 875137"
001377,Никита,Иванович,Осляков,+7 (188) 134-91-91,14.11.1994,Продавец,"ст. Мокшан, ш. Молодежное, д. 372 к. 1/5, 185461"
001794,Григорий,Кириллович,Пещеров,+7 (891) 933-87-87,01.01.1986,Оператор ПК,"с. Тайшет, пр. Тургенева, д. 7 стр. 6, 861463"
008355,Кристина,Вадимовна,Жадова,+7 (601) 033-23-23,20.08.1954,Пастух,"ст. Верхний Уфалей, пр. Станционный, д. 3, 189402"
001811,Яна,Андреевна,Фисиянова,+7 (121) 190-99-99,12.07.1998,Хлебопёк,"г. Сладково, бул. Рылеева, д. 16, 736454"
003220,Кира,Кирилловна,Спорышкина,+7 (656) 265-07-07,09.02.1976,Начальник службы,"с. Яр-Сале, бул. Комсомольский, д. 3/1, 789073"
008992,Софья,Никитична,Триколкина,+7 (497) 945-71-71,18.09.1980,Инженер-гидравлик,"г. Челюскин, пр. Новостройка, д. 8/8 стр. 71, 624654"
002530,Георгий,Андреевич,Щевинский,+7 (474) 576-02-02,26.12.1987,Няня,"клх Чегем, пер. Декабристов, д. 86, 956708"
007689,Андрей,Игоревич,Голякин,+7 (394) 466-60-60,05.09.1951,Инкассатор,"клх Переславль-Залесский, наб. Герцена, д. 961, 157644"
004940,Екатерина,Эдуардовна,Трофилеева,+7 (526) 594-32-32,12.04.1973,Бухгалтер,"клх Серпухов, наб. Севастопольская, д. 93 стр. 810, 383005"
008094,Галина,Леонидовна,Шеньшакова,+7 (651) 131-90-90,23.09.1953,Юрисконсульт,"г. Славгород, пр. Куйбышева, д. 430, 422538"
001482,Михаил,Юриевич,Бажанов,+7 (379) 202-99-99,06.12.1969,Автослесарь,"к. Клин, пер. Надежды, д. 638 стр. 9, 565984"
006567,Виталий,Юриевич,Марнерин,+7 (297) 794-36-36,21.08.1977,Начальник службы,"ст. Кашхатау, наб. Нефтяников, д. 1/2 стр. 70, 421102"
000818,Алиса,Евгеньевна,Храпалева,+7 (214) 669-11-11,16.10.1966,Массажист,"д. Калязин, пер. Авиационный, д. 36 стр. 388, 307464"
004389,Светлана,Олеговна,Богрецова,+7 (527) 772-50-50,09.02.1986,Модель,"п. Юрьев-Польский, пр. Шахтерский, д. 2/4, 566095"
009304,Константин,Яковлевич,Колчин,+7 (281) 328-91-91,07.05.1976,Неонатолог,"ст. Белокуриха, алл. Попова, д. 3 к. 498, 774621"
006005,София,Валерьевна,Негметова,+7 (566) 415-87-87,15.07.1966,Выпускающий редактор,"п. Адыгейск, ул. Комарова, д. 121, 528444"
009164,Анатолий,Василиевич,Безумнов,+7 (846) 333-06-06,20.02.1961,Оператор РЛС,"ст. Нижний Тагил, алл. Театральная, д. 570, 020839"
002547,Леонид,Леонидович,Пунов,+7 (990) 358-06-06,13.03.1997,Технолог,"г. Ямбург, пер. Металлистов, д. 80 стр. 5/7, 798999"
004374,Владимир,Иванович,Савов,+7 (134) 638-76-76,20.09.1998,Токсиколог,"п. Ульяновск, ул. Тенистая, д. 1 к. 84, 286035"
008075,Игорь,Денисович,Фаденчев,+7 (649) 929-44-44,01.07.1987,Священнослужитель,"п. Шатки, пр. ДОС, д. 347 к. 2/6, 405430"
005048,Юрий,Юриевич,Шамараков,+7 (331) 838-46-46,11.12.1967,Переводчик,"г. Северобайкальск, ш. Димитрова, д. 1 к. 100, 625187"
009148,Евгений,Алексиевич,Генрин,+7 (369) 543-01-01,14.03.1965,Телохранитель,"д. Ачинск, ул. Победа, д. 6 стр. 60, 409245"
001385,Дарья,Романовна,Холнцева,+7 (330) 790-99-99,27.07.1969,Философ,"п. Избербаш, алл. Мелиораторов, д. 12 к. 6, 284872"
008640,Андрей,Яковлевич,Куренсков,+7 (785) 300-16-16,29.03.1988,Химик-контролер,"к. Калуга, ш. Прудовое, д. 198 стр. 260, 526648"
004532,Роман,Юриевич,Чамайкин,+7 (172) 449-76-76,13.01.1966,Модельер,"с. Дагомыс, пер. Профсоюзный, д. 4/6 к. 9/4, 514760"
005433,Иван,Олегович,Гулецкий,+7 (935) 960-33-33,06.12.1978,Космонавт,"клх Самара, пер. Дорожников, д. 1, 987027"
000645,Алла,Олеговна,Казанова,+7 (372) 770-55-55,13.05.1998,Флорист,"п. Коломна, ш. Вахитова, д. 507 стр. 3, 629440"
007202,Инна,Викторовна,Биглецова,+7 (638) 089-83-83,08.05.1996,Контент-менеджер,"клх Кировск (Ленин.), пер. Бабушкина, д. 4/4 стр. 84, 077457"
005957,Яна,Викторовна,Мизарева,+7 (798) 198-46-46,08.05.1995,Визажист,"к. Мокшан, алл. Войкова, д. 35 стр. 7/5, 117484"
003361,Катерина,Максимовна,Хлабыстина,+7 (444) 676-88-88,28.07.1989,Заточник,"д. Верхнее Пенжино, наб. Калинина, д. 9/1 стр. 4/8, 274965"
008713,Владимир,Романович,Литошин,+7 (761) 098-68-68,20.07.1987,Изобретатр,"д. Томари, ул. Сиреневая, д. 48, 208207"
003762,Наталия,Эдуардовна,Урмаева,+7 (474) 076-48-48,13.04.1987,Судебный пристав,"г. Усть-Илимск, наб. Производственная, д. 7/4 к. 152, 812812"
002286,Виктор,Игоревич,Дивлеков,+7 (665) 073-34-34,25.05.1982,Машинистка,"клх Курчатов, пер. Новосельский, д. 21 к. 5, 873694"
001083,Елизавета,Николаевна,Басанцова,+7 (250) 110-15-15,19.03.1954,Геолог,"с. Палана, наб. Студенческая, д. 562 стр. 716, 552209"
000584,Софья,Кирилловна,Ахмединова,+7 (267) 475-97-97,24.07.1968,Почтальон,"с. Каневская, пер. Севастопольский, д. 578 к. 6, 760996"
006098,Ярослав,Максимович,Фирсаев,+7 (949) 915-98-98,11.06.1971,Слесарь-механик,"клх Липецк, пр. Абрикосовый, д. 5/8 к. 1, 862698"
000533,Валерия,Андреевна,Парпиева,+7 (653) 652-55-55,05.11.1957,Переводчик,"д. Усть-Баргузин, ул. Южная, д. 30 к. 99, 678140"
005987,Ольга,Андреевна,Зазыкина,+7 (893) 528-29-29,03.07.1994,Врач скорой помощи,"г. Иркутск, бул. Красина, д. 39 к. 8, 869750"
004141,Марина,Эдуардовна,Вититнова,+7 (363) 213-01-01,16.06.1986,Имиджмейкер,"клх Можга, ш. Ивановское, д. 38, 871502"
002814,Дмитрий,Вадимович,Беларов,+7 (327) 913-28-28,15.08.1969,Политолог,"д. Черский, наб. Леваневского, д. 941 стр. 6, 657208"
001238,Максим,Романович,Обриваев,+7 (545) 006-86-86,16.03.1986,Киномеханик,"к. Чайковский, пр. Фрунзе, д. 148 стр. 690, 609941"
002604,Зинаида,Эдуардовна,Ночвина,+7 (667) 473-63-63,08.12.1992,Ботаник,"с. Верещагино (Перм.), наб. Коммунаров, д. 69 стр. 93, 071140"
008842,Маргарита,Вадимовна,Пряничкина,+7 (836) 806-70-70,18.01.1952,Инженер-лесотехник,"с. Малоярославец, алл. Механизаторов, д. 40 к. 97, 188210"
002172,Артур,Николаевич,Пирсов,+7 (482) 811-54-54,19.03.1985,Сексопатолог,"клх Баксан, пер. Серова, д. 1 стр. 186, 258849"
006962,Николай,Алексиевич,Баршевский,+7 (285) 193-41-41,03.08.1965,Оператор ПК,"с. Тулун, бул. Менделеева, д. 5/2 стр. 4, 438556"
006397,Виктор,Сергеевич,Смирдин,+7 (352) 612-57-57,27.09.1993,Дипломатический работник,"ст. Хабаровск, бул. Октябрьский, д. 2/4, 852233"
008620,Василий,Сергеевич,Забудряев,+7 (462) 769-02-02,27.10.1957,Кавалерист,"п. Сургут (Хант.), бул. Фурманова, д. 4, 940074"
003761,Федор,Адамович,Святухин,+7 (151) 124-72-72,12.05.1994,Религиовед,"с. Луховицы, бул. Саратовский, д. 615 стр. 5/2, 395642"
000792,Ярослав,Михаилович,Ситриков,+7 (387) 882-29-29,11.02.1976,Бармен,"ст. Нижний Новгород, наб. Горная, д. 3 к. 5, 816462"
008388,Игорь,Николаевич,Пасов,+7 (116) 883-25-25,26.05.1989,Архитектор,"к. Тутончаны, бул. Литейный, д. 158, 869090"
000250,Марина,Василевна,Лютикова,+7 (233) 201-38-38,22.11.1997,Снабженец,"с. Владикавказ, бул. Большевистский, д. 59, 402658"
008691,Станислав,Викторович,Полудкин,+7 (291) 646-93-93,24.02.1981,Метранпаж,"д. Вуктыл, пр. Байкальский, д. 174, 118961"
003537,Жанна,Сергеевна,Надьярных,+7 (107) 320-74-74,24.06.1977,Табунщик,"ст. Новая Игирма, бул. Карла Либкнехта, д. 7, 360915"
003993,Пётр,Антонович,Роховецкий,+7 (979) 678-79-79,21.09.2000,Военный судья,"с. Петушки, бул. Сиреневый, д. 1/4 к. 1/6, 559198"
009502,Жанна,Борисовна,Курчатова,+7 (469) 697-14-14,13.12.1973,Гример,"г. Нефтеюганск, бул. Рябиновый, д. 5 стр. 28, 120349"
002476,Клара,Андреевна,Погоняева,+7 (444) 068-38-38,10.05.1964,Кавалерист,"клх Внуково (метеост.), алл. Кольцевая, д. 9/2 стр. 9, 282145"
001727,Степан,Алексиевич,Мощанин,+7 (107) 833-37-37,12.12.1954,Эпидемиолог,"клх Саров (Морд.), пр. Заводской, д. 9/1 стр. 3/6, 165322"
008794,Клавдия,Валерьевна,Аляждинова,+7 (872) 834-16-16,14.10.1996,Библиотекарь,"д. Нефтеюганск, наб. Гоголя, д. 6/6 стр. 6/9, 226537"
008401,Эдуард,Леонидович,Булыженков,+7 (757) 515-89-89,26.03.1999,Мануалист,"п. Екатеринбург, наб. Энергетическая, д. 5/2 к. 20, 064567"
005708,Лиза,Леонидовна,Ювачева,+7 (379) 532-49-49,04.05.1997,Проводник,"ст. Чегем, пр. Ульяновский, д. 829 стр. 8/4, 850999"
006029,Светлана,Романовна,Монадеева,+7 (945) 203-58-58,20.06.1961,Трансфузиолог,"п. Холмогоры, пер. Привокзальный, д. 563, 207333"
005200,Виктория,Сергеевна,Албеткова,+7 (731) 299-16-16,01.01.1963,Инженер-акустик,"д. Добрянка, ул. Ленская, д. 46 к. 3/2, 760423"
009406,Валентин,Андреевич,Подгорский,+7 (893) 846-80-80,15.11.1956,Эпидемиолог,"д. Белгород, алл. Новостройка, д. 6 к. 3, 685203"
004814,Алексей,Юриевич,Телеков,+7 (384) 139-42-42,28.04.1998,Философ,"п. Тарко-Сале, пр. Льва Толстого, д. 656 стр. 1, 380476"
008189,Наталья,Никитична,Жуковина,+7 (473) 469-98-98,22.08.1964,Геолог,"д. Юрьевец (Иван.), алл. Ленская, д. 590 стр. 2/8, 215750"
009141,Кирилл,Олегович,Кирюхчев,+7 (790) 605-10-10,20.05.1983,Автоэлектрик,"ст. Гаврилов-Ям, алл. Гоголя, д. 8/8, 258735"
004275,Алина,Яковлевна,Пишхожева,+7 (397) 188-12-12,18.12.1967,Сурдолог,"ст. Асбест, пер. Байкальский, д. 6, 095101"
008597,Георгий,Олегович,Скоблов,+7 (501) 350-91-91,15.06.1983,Химик,"клх Березники, наб. Верхняя, д. 910 стр. 1/4, 990647"
006766,Федор,Максимович,Моршин,+7 (930) 597-66-66,17.07.1956,Писатель,"г. Сыктывкар, пер. Курский, д. 6/6 стр. 850, 044831"
003451,Екатерина,Федоровна,Лоткарева,+7 (686) 766-15-15,25.11.1971,Холодильщик,"п. Дно, пр. З.Космодемьянской, д. 6/2 стр. 82, 208936"
002952,Алла,Николаевна,Руевская,+7 (400) 390-62-62,17.02.1979,Лингвист,"ст. Юрьев-Польский, ул. Уральская, д. 61, 353271"
000436,Геннадий,Викторович,Бикчентаев,+7 (994) 238-88-88,19.12.1995,Дизайнер,"п. Смоленск, ул. Бажова, д. 6, 267332"
000570,Клара,Сергеевна,Озолина,+7 (299) 451-35-35,12.11.1961,Аккумуляторщик,"г. Кыштым, ш. Пионерское, д. 2, 371844"
002047,Андрей,Алексиевич,Чупрунов,+7 (965) 809-19-19,13.05.1957,Парикмахер,"к. Вендинга, пер. Сплавный, д. 3/3 к. 1, 596540"
000164,Яков,Валериевич,Полойников,+7 (470) 284-57-57,04.10.1955,Композитор,"с. Агата, наб. Черемуховая, д. 72 к. 135, 908011"
008853,Борис,Юрьевич,Шалтакбаев,+7 (191) 030-26-26,11.08.1978,Библиотекарь,"к. Смирных, ул. Воронежская, д. 99, 386544"
007347,Борис,Романович,Шумараев,+7 (184) 909-03-03,26.03.1952,Торговый представитель,"с. Урус-Мартан, алл. Коммунистическая, д. 3/1 стр. 80, 898978"
009550,Клавдия,Никитична,Свентицкая,+7 (554) 104-21-21,17.08.1980,Горняк,"д. Челябинск, бул. Таманский, д. 9/8, 776936"
009545,Константин,Фёдорович,Мокиевский,+7 (755) 869-11-11,14.03.1960,Водитель,"г. Черемхово, наб. Гафури, д. 1/8, 516932"
005774,Анна,Леонидовна,Слезавина,+7 (254) 871-88-88,06.01.1961,Мясник,"г. Нальчик, пр. Стадионный, д. 6 стр. 8/5, 185549"
005744,Алиса,Кирилловна,Ворокосова,+7 (735) 292-80-80,20.08.1953,Эксперт-криминалист,"к. Фатеж, бул. Труда, д. 9/9 к. 9, 271643"
